Workbook
Name Slicer_Sex: #N/A
Name Slicer_Pclass: #N/A
Name Slicer_Survived: #N/A
Name Slicer_Embarked: #N/A

Sheet Rawdata
A1: PassengerId | B1: Survived | C1: Pclass | D1: Name | E1: Sex | F1: Age | G1: SibSp | H1: Parch | I1: Ticket | J1: Fare | K1: Cabin | L1: Embarked
A2: 1 | B2: 0 | C2: 3 | D2: Braund, Mr. Owen Harris | E2: male | F2: 22 | G2: 1 | H2: 0 | I2: A/5 21171 | J2: 7.25 | L2: S
A3: 2 | B3: 1 | C3: 1 | D3: Cumings, Mrs. John Bradley (Florence Briggs Thayer) | E3: female | F3: 38 | G3: 1 | H3: 0 | I3: PC 17599 | J3: 71.2833 | K3: C85 | L3: C
A4: 3 | B4: 1 | C4: 3 | D4: Heikkinen, Miss. Laina | E4: female | F4: 26 | G4: 0 | H4: 0 | I4: STON/O2. 3101282 | J4: 7.925 | L4: S
A5: 4 | B5: 1 | C5: 1 | D5: Futrelle, Mrs. Jacques Heath (Lily May Peel) | E5: female | F5: 35 | G5: 1 | H5: 0 | I5: 113803 | J5: 53.1 | K5: C123 | L5: S
A6: 5 | B6: 0 | C6: 3 | D6: Allen, Mr. William Henry | E6: male | F6: 35 | G6: 0 | H6: 0 | I6: 373450 | J6: 8.05 | L6: S
A7: 6 | B7: 0 | C7: 3 | D7: Moran, Mr. James | E7: male | G7: 0 | H7: 0 | I7: 330877 | J7: 8.4583 | L7: Q
A8: 7 | B8: 0 | C8: 1 | D8: McCarthy, Mr. Timothy J | E8: male | F8: 54 | G8: 0 | H8: 0 | I8: 17463 | J8: 51.8625 | K8: E46 | L8: S
A9: 8 | B9: 0 | C9: 3 | D9: Palsson, Master. Gosta Leonard | E9: male | F9: 2 | G9: 3 | H9: 1 | I9: 349909 | J9: 21.075 | L9: S
A10: 9 | B10: 1 | C10: 3 | D10: Johnson, Mrs. Oscar W (Elisabeth Vilhelmina Berg) | E10: female | F10: 27 | G10: 0 | H10: 2 | I10: 347742 | J10: 11.1333 | L10: S
A11: 10 | B11: 1 | C11: 2 | D11: Nasser, Mrs. Nicholas (Adele Achem) | E11: female | F11: 14 | G11: 1 | H11: 0 | I11: 237736 | J11: 30.0708 | L11: C
A12: 11 | B12: 1 | C12: 3 | D12: Sandstrom, Miss. Marguerite Rut | E12: female | F12: 4 | G12: 1 | H12: 1 | I12: PP 9549 | J12: 16.7 | K12: G6 | L12: S
A13: 12 | B13: 1 | C13: 1 | D13: Bonnell, Miss. Elizabeth | E13: female | F13: 58 | G13: 0 | H13: 0 | I13: 113783 | J13: 26.55 | K13: C103 | L13: S
A14: 13 | B14: 0 | C14: 3 | D14: Saundercock, Mr. William Henry | E14: male | F14: 20 | G14: 0 | H14: 0 | I14: A/5. 2151 | J14: 8.05 | L14: S
A15: 14 | B15: 0 | C15: 3 | D15: Andersson, Mr. Anders Johan | E15: male | F15: 39 | G15: 1 | H15: 5 | I15: 347082 | J15: 31.275 | L15: S
A16: 15 | B16: 0 | C16: 3 | D16: Vestrom, Miss. Hulda Amanda Adolfina | E16: female | F16: 14 | G16: 0 | H16: 0 | I16: 350406 | J16: 7.8542 | L16: S
A17: 16 | B17: 1 | C17: 2 | D17: Hewlett, Mrs. (Mary D Kingcome) | E17: female | F17: 55 | G17: 0 | H17: 0 | I17: 248706 | J17: 16 | L17: S
A18: 17 | B18: 0 | C18: 3 | D18: Rice, Master. Eugene | E18: male | F18: 2 | G18: 4 | H18: 1 | I18: 382652 | J18: 29.125 | L18: Q
A19: 18 | B19: 1 | C19: 2 | D19: Williams, Mr. Charles Eugene | E19: male | G19: 0 | H19: 0 | I19: 244373 | J19: 13 | L19: S
A20: 19 | B20: 0 | C20: 3 | D20: Vander Planke, Mrs. Julius (Emelia Maria Vandemoortele) | E20: female | F20: 31 | G20: 1 | H20: 0 | I20: 345763 | J20: 18 | L20: S
A21: 20 | B21: 1 | C21: 3 | D21: Masselmani, Mrs. Fatima | E21: female | G21: 0 | H21: 0 | I21: 2649 | J21: 7.225 | L21: C
A22: 21 | B22: 0 | C22: 2 | D22: Fynney, Mr. Joseph J | E22: male | F22: 35 | G22: 0 | H22: 0 | I22: 239865 | J22: 26 | L22: S
A23: 22 | B23: 1 | C23: 2 | D23: Beesley, Mr. Lawrence | E23: male | F23: 34 | G23: 0 | H23: 0 | I23: 248698 | J23: 13 | K23: D56 | L23: S
A24: 23 | B24: 1 | C24: 3 | D24: McGowan, Miss. Anna "Annie" | E24: female | F24: 15 | G24: 0 | H24: 0 | I24: 330923 | J24: 8.0292 | L24: Q
A25: 24 | B25: 1 | C25: 1 | D25: Sloper, Mr. William Thompson | E25: male | F25: 28 | G25: 0 | H25: 0 | I25: 113788 | J25: 35.5 | K25: A6 | L25: S
A26: 25 | B26: 0 | C26: 3 | D26: Palsson, Miss. Torborg Danira | E26: female | F26: 8 | G26: 3 | H26: 1 | I26: 349909 | J26: 21.075 | L26: S
A27: 26 | B27: 1 | C27: 3 | D27: Asplund, Mrs. Carl Oscar (Selma Augusta Emilia Johansson) | E27: female | F27: 38 | G27: 1 | H27: 5 | I27: 347077 | J27: 31.3875 | L27: S
A28: 27 | B28: 0 | C28: 3 | D28: Emir, Mr. Farred Chehab | E28: male | G28: 0 | H28: 0 | I28: 2631 | J28: 7.225 | L28: C
A29: 28 | B29: 0 | C29: 1 | D29: Fortune, Mr. Charles Alexander | E29: male | F29: 19 | G29: 3 | H29: 2 | I29: 19950 | J29: 263 | K29: C23 C25 C27 | L29: S
A30: 29 | B30: 1 | C30: 3 | D30: O'Dwyer, Miss. Ellen "Nellie" | E30: female | G30: 0 | H30: 0 | I30: 330959 | J30: 7.8792 | L30: Q
A31: 30 | B31: 0 | C31: 3 | D31: Todoroff, Mr. Lalio | E31: male | G31: 0 | H31: 0 | I31: 349216 | J31: 7.8958 | L31: S
A32: 31 | B32: 0 | C32: 1 | D32: Uruchurtu, Don. Manuel E | E32: male | F32: 40 | G32: 0 | H32: 0 | I32: PC 17601 | J32: 27.7208 | L32: C
A33: 32 | B33: 1 | C33: 1 | D33: Spencer, Mrs. William Augustus (Marie Eugenie) | E33: female | G33: 1 | H33: 0 | I33: PC 17569 | J33: 146.5208 | K33: B78 | L33: C
A34: 33 | B34: 1 | C34: 3 | D34: Glynn, Miss. Mary Agatha | E34: female | G34: 0 | H34: 0 | I34: 335677 | J34: 7.75 | L34: Q
A35: 34 | B35: 0 | C35: 2 | D35: Wheadon, Mr. Edward H | E35: male | F35: 66 | G35: 0 | H35: 0 | I35: C.A. 24579 | J35: 10.5 | L35: S
A36: 35 | B36: 0 | C36: 1 | D36: Meyer, Mr. Edgar Joseph | E36: male | F36: 28 | G36: 1 | H36: 0 | I36: PC 17604 | J36: 82.1708 | L36: C
A37: 36 | B37: 0 | C37: 1 | D37: Holverson, Mr. Alexander Oskar | E37: male | F37: 42 | G37: 1 | H37: 0 | I37: 113789 | J37: 52 | L37: S
A38: 37 | B38: 1 | C38: 3 | D38: Mamee, Mr. Hanna | E38: male | G38: 0 | H38: 0 | I38: 2677 | J38: 7.2292 | L38: C
A39: 38 | B39: 0 | C39: 3 | D39: Cann, Mr. Ernest Charles | E39: male | F39: 21 | G39: 0 | H39: 0 | I39: A./5. 2152 | J39: 8.05 | L39: S
A40: 39 | B40: 0 | C40: 3 | D40: Vander Planke, Miss. Augusta Maria | E40: female | F40: 18 | G40: 2 | H40: 0 | I40: 345764 | J40: 18 | L40: S
A41: 40 | B41: 1 | C41: 3 | D41: Nicola-Yarred, Miss. Jamila | E41: female | F41: 14 | G41: 1 | H41: 0 | I41: 2651 | J41: 11.2417 | L41: C
A42: 41 | B42: 0 | C42: 3 | D42: Ahlin, Mrs. Johan (Johanna Persdotter Larsson) | E42: female | F42: 40 | G42: 1 | H42: 0 | I42: 7546 | J42: 9.475 | L42: S
A43: 42 | B43: 0 | C43: 2 | D43: Turpin, Mrs. William John Robert (Dorothy Ann Wonnacott) | E43: female | F43: 27 | G43: 1 | H43: 0 | I43: 11668 | J43: 21 | L43: S
A44: 43 | B44: 0 | C44: 3 | D44: Kraeff, Mr. Theodor | E44: male | G44: 0 | H44: 0 | I44: 349253 | J44: 7.8958 | L44: C
A45: 44 | B45: 1 | C45: 2 | D45: Laroche, Miss. Simonne Marie Anne Andree | E45: female | F45: 3 | G45: 1 | H45: 2 | I45: SC/Paris 2123 | J45: 41.5792 | L45: C
A46: 45 | B46: 1 | C46: 3 | D46: Devaney, Miss. Margaret Delia | E46: female | F46: 19 | G46: 0 | H46: 0 | I46: 330958 | J46: 7.8792 | L46: Q
A47: 46 | B47: 0 | C47: 3 | D47: Rogers, Mr. William John | E47: male | G47: 0 | H47: 0 | I47: S.C./A.4. 23567 | J47: 8.05 | L47: S
A48: 47 | B48: 0 | C48: 3 | D48: Lennon, Mr. Denis | E48: male | G48: 1 | H48: 0 | I48: 370371 | J48: 15.5 | L48: Q
A49: 48 | B49: 1 | C49: 3 | D49: O'Driscoll, Miss. Bridget | E49: female | G49: 0 | H49: 0 | I49: 14311 | J49: 7.75 | L49: Q
A50: 49 | B50: 0 | C50: 3 | D50: Samaan, Mr. Youssef | E50: male | G50: 2 | H50: 0 | I50: 2662 | J50: 21.6792 | L50: C
A51: 50 | B51: 0 | C51: 3 | D51: Arnold-Franchi, Mrs. Josef (Josefine Franchi) | E51: female | F51: 18 | G51: 1 | H51: 0 | I51: 349237 | J51: 17.8 | L51: S
A52: 51 | B52: 0 | C52: 3 | D52: Panula, Master. Juha Niilo | E52: male | F52: 7 | G52: 4 | H52: 1 | I52: 3101295 | J52: 39.6875 | L52: S
A53: 52 | B53: 0 | C53: 3 | D53: Nosworthy, Mr. Richard Cater | E53: male | F53: 21 | G53: 0 | H53: 0 | I53: A/4. 39886 | J53: 7.8 | L53: S
A54: 53 | B54: 1 | C54: 1 | D54: Harper, Mrs. Henry Sleeper (Myna Haxtun) | E54: female | F54: 49 | G54: 1 | H54: 0 | I54: PC 17572 | J54: 76.7292 | K54: D33 | L54: C
A55: 54 | B55: 1 | C55: 2 | D55: Faunthorpe, Mrs. Lizzie (Elizabeth Anne Wilkinson) | E55: female | F55: 29 | G55: 1 | H55: 0 | I55: 2926 | J55: 26 | L55: S
A56: 55 | B56: 0 | C56: 1 | D56: Ostby, Mr. Engelhart Cornelius | E56: male | F56: 65 | G56: 0 | H56: 1 | I56: 113509 | J56: 61.9792 | K56: B30 | L56: C
A57: 56 | B57: 1 | C57: 1 | D57: Woolner, Mr. Hugh | E57: male | G57: 0 | H57: 0 | I57: 19947 | J57: 35.5 | K57: C52 | L57: S
A58: 57 | B58: 1 | C58: 2 | D58: Rugg, Miss. Emily | E58: female | F58: 21 | G58: 0 | H58: 0 | I58: C.A. 31026 | J58: 10.5 | L58: S
A59: 58 | B59: 0 | C59: 3 | D59: Novel, Mr. Mansouer | E59: male | F59: 28.5 | G59: 0 | H59: 0 | I59: 2697 | J59: 7.2292 | L59: C
A60: 59 | B60: 1 | C60: 2 | D60: West, Miss. Constance Mirium | E60: female | F60: 5 | G60: 1 | H60: 2 | I60: C.A. 34651 | J60: 27.75 | L60: S
A61: 60 | B61: 0 | C61: 3 | D61: Goodwin, Master. William Frederick | E61: male | F61: 11 | G61: 5 | H61: 2 | I61: CA 2144 | J61: 46.9 | L61: S
A62: 61 | B62: 0 | C62: 3 | D62: Sirayanian, Mr. Orsen | E62: male | F62: 22 | G62: 0 | H62: 0 | I62: 2669 | J62: 7.2292 | L62: C
A63: 62 | B63: 1 | C63: 1 | D63: Icard, Miss. Amelie | E63: female | F63: 38 | G63: 0 | H63: 0 | I63: 113572 | J63: 80 | K63: B28
A64: 63 | B64: 0 | C64: 1 | D64: Harris, Mr. Henry Birkhardt | E64: male | F64: 45 | G64: 1 | H64: 0 | I64: 36973 | J64: 83.475 | K64: C83 | L64: S
A65: 64 | B65: 0 | C65: 3 | D65: Skoog, Master. Harald | E65: male | F65: 4 | G65: 3 | H65: 2 | I65: 347088 | J65: 27.9 | L65: S
A66: 65 | B66: 0 | C66: 1 | D66: Stewart, Mr. Albert A | E66: male | G66: 0 | H66: 0 | I66: PC 17605 | J66: 27.7208 | L66: C
A67: 66 | B67: 1 | C67: 3 | D67: Moubarek, Master. Gerios | E67: male | G67: 1 | H67: 1 | I67: 2661 | J67: 15.2458 | L67: C
A68: 67 | B68: 1 | C68: 2 | D68: Nye, Mrs. (Elizabeth Ramell) | E68: female | F68: 29 | G68: 0 | H68: 0 | I68: C.A. 29395 | J68: 10.5 | K68: F33 | L68: S
A69: 68 | B69: 0 | C69: 3 | D69: Crease, Mr. Ernest James | E69: male | F69: 19 | G69: 0 | H69: 0 | I69: S.P. 3464 | J69: 8.1583 | L69: S
A70: 69 | B70: 1 | C70: 3 | D70: Andersson, Miss. Erna Alexandra | E70: female | F70: 17 | G70: 4 | H70: 2 | I70: 3101281 | J70: 7.925 | L70: S
A71: 70 | B71: 0 | C71: 3 | D71: Kink, Mr. Vincenz | E71: male | F71: 26 | G71: 2 | H71: 0 | I71: 315151 | J71: 8.6625 | L71: S
A72: 71 | B72: 0 | C72: 2 | D72: Jenkin, Mr. Stephen Curnow | E72: male | F72: 32 | G72: 0 | H72: 0 | I72: C.A. 33111 | J72: 10.5 | L72: S
A73: 72 | B73: 0 | C73: 3 | D73: Goodwin, Miss. Lillian Amy | E73: female | F73: 16 | G73: 5 | H73: 2 | I73: CA 2144 | J73: 46.9 | L73: S
A74: 73 | B74: 0 | C74: 2 | D74: Hood, Mr. Ambrose Jr | E74: male | F74: 21 | G74: 0 | H74: 0 | I74: S.O.C. 14879 | J74: 73.5 | L74: S
A75: 74 | B75: 0 | C75: 3 | D75: Chronopoulos, Mr. Apostolos | E75: male | F75: 26 | G75: 1 | H75: 0 | I75: 2680 | J75: 14.4542 | L75: C
A76: 75 | B76: 1 | C76: 3 | D76: Bing, Mr. Lee | E76: male | F76: 32 | G76: 0 | H76: 0 | I76: 1601 | J76: 56.4958 | L76: S
A77: 76 | B77: 0 | C77: 3 | D77: Moen, Mr. Sigurd Hansen | E77: male | F77: 25 | G77: 0 | H77: 0 | I77: 348123 | J77: 7.65 | K77: F G73 | L77: S
A78: 77 | B78: 0 | C78: 3 | D78: Staneff, Mr. Ivan | E78: male | G78: 0 | H78: 0 | I78: 349208 | J78: 7.8958 | L78: S
A79: 78 | B79: 0 | C79: 3 | D79: Moutal, Mr. Rahamin Haim | E79: male | G79: 0 | H79: 0 | I79: 374746 | J79: 8.05 | L79: S
A80: 79 | B80: 1 | C80: 2 | D80: Caldwell, Master. Alden Gates | E80: male | F80: 0.83 | G80: 0 | H80: 2 | I80: 248738 | J80: 29 | L80: S
A81: 80 | B81: 1 | C81: 3 | D81: Dowdell, Miss. Elizabeth | E81: female | F81: 30 | G81: 0 | H81: 0 | I81: 364516 | J81: 12.475 | L81: S
A82: 81 | B82: 0 | C82: 3 | D82: Waelens, Mr. Achille | E82: male | F82: 22 | G82: 0 | H82: 0 | I82: 345767 | J82: 9 | L82: S
A83: 82 | B83: 1 | C83: 3 | D83: Sheerlinck, Mr. Jan Baptist | E83: male | F83: 29 | G83: 0 | H83: 0 | I83: 345779 | J83: 9.5 | L83: S
A84: 83 | B84: 1 | C84: 3 | D84: McDermott, Miss. Brigdet Delia | E84: female | G84: 0 | H84: 0 | I84: 330932 | J84: 7.7875 | L84: Q
A85: 84 | B85: 0 | C85: 1 | D85: Carrau, Mr. Francisco M | E85: male | F85: 28 | G85: 0 | H85: 0 | I85: 113059 | J85: 47.1 | L85: S
A86: 85 | B86: 1 | C86: 2 | D86: Ilett, Miss. Bertha | E86: female | F86: 17 | G86: 0 | H86: 0 | I86: SO/C 14885 | J86: 10.5 | L86: S
A87: 86 | B87: 1 | C87: 3 | D87: Backstrom, Mrs. Karl Alfred (Maria Mathilda Gustafsson) | E87: female | F87: 33 | G87: 3 | H87: 0 | I87: 3101278 | J87: 15.85 | L87: S
A88: 87 | B88: 0 | C88: 3 | D88: Ford, Mr. William Neal | E88: male | F88: 16 | G88: 1 | H88: 3 | I88: W./C. 6608 | J88: 34.375 | L88: S
A89: 88 | B89: 0 | C89: 3 | D89: Slocovski, Mr. Selman Francis | E89: male | G89: 0 | H89: 0 | I89: SOTON/OQ 392086 | J89: 8.05 | L89: S
A90: 89 | B90: 1 | C90: 1 | D90: Fortune, Miss. Mabel Helen | E90: female | F90: 23 | G90: 3 | H90: 2 | I90: 19950 | J90: 263 | K90: C23 C25 C27 | L90: S
A91: 90 | B91: 0 | C91: 3 | D91: Celotti, Mr. Francesco | E91: male | F91: 24 | G91: 0 | H91: 0 | I91: 343275 | J91: 8.05 | L91: S
A92: 91 | B92: 0 | C92: 3 | D92: Christmann, Mr. Emil | E92: male | F92: 29 | G92: 0 | H92: 0 | I92: 343276 | J92: 8.05 | L92: S
A93: 92 | B93: 0 | C93: 3 | D93: Andreasson, Mr. Paul Edvin | E93: male | F93: 20 | G93: 0 | H93: 0 | I93: 347466 | J93: 7.8542 | L93: S
A94: 93 | B94: 0 | C94: 1 | D94: Chaffee, Mr. Herbert Fuller | E94: male | F94: 46 | G94: 1 | H94: 0 | I94: W.E.P. 5734 | J94: 61.175 | K94: E31 | L94: S
A95: 94 | B95: 0 | C95: 3 | D95: Dean, Mr. Bertram Frank | E95: male | F95: 26 | G95: 1 | H95: 2 | I95: C.A. 2315 | J95: 20.575 | L95: S
A96: 95 | B96: 0 | C96: 3 | D96: Coxon, Mr. Daniel | E96: male | F96: 59 | G96: 0 | H96: 0 | I96: 364500 | J96: 7.25 | L96: S
A97: 96 | B97: 0 | C97: 3 | D97: Shorney, Mr. Charles Joseph | E97: male | G97: 0 | H97: 0 | I97: 374910 | J97: 8.05 | L97: S
A98: 97 | B98: 0 | C98: 1 | D98: Goldschmidt, Mr. George B | E98: male | F98: 71 | G98: 0 | H98: 0 | I98: PC 17754 | J98: 34.6542 | K98: A5 | L98: C
A99: 98 | B99: 1 | C99: 1 | D99: Greenfield, Mr. William Bertram | E99: male | F99: 23 | G99: 0 | H99: 1 | I99: PC 17759 | J99: 63.3583 | K99: D10 D12 | L99: C
A100: 99 | B100: 1 | C100: 2 | D100: Doling, Mrs. John T (Ada Julia Bone) | E100: female | F100: 34 | G100: 0 | H100: 1 | I100: 231919 | J100: 23 | L100: S
...

Sheet Titanic.csv
A1: PassengerId | B1: Survived | C1: Pclass | D1: Name | E1: Sex | F1: Age | G1: SibSp | H1: Parch | I1: Ticket | J1: Fare | K1: Cabin | L1: Embarked | M1: Age_clean
A2: 1 | B2: 0 | C2: 3 | D2: Braund, Mr. Owen Harris | E2: male | F2: 22 | G2: 1 | H2: 0 | I2: A/5 21171 | J2: 7.25 | L2: S | M2: =IF(F2="",AVERAGE($F$2:$F$892),F2) -> 22
A3: 2 | B3: 1 | C3: 1 | D3: Cumings, Mrs. John Bradley (Florence Briggs Thayer) | E3: female | F3: 38 | G3: 1 | H3: 0 | I3: PC 17599 | J3: 71.2833 | K3: C85 | L3: C | M3: =IF(F3="",AVERAGE($F$2:$F$892),F3) -> 38
A4: 3 | B4: 1 | C4: 3 | D4: Heikkinen, Miss. Laina | E4: female | F4: 26 | G4: 0 | H4: 0 | I4: STON/O2. 3101282 | J4: 7.925 | L4: S | M4: =IF(F4="",AVERAGE($F$2:$F$892),F4) -> 26
A5: 4 | B5: 1 | C5: 1 | D5: Futrelle, Mrs. Jacques Heath (Lily May Peel) | E5: female | F5: 35 | G5: 1 | H5: 0 | I5: 113803 | J5: 53.1 | K5: C123 | L5: S | M5: =IF(F5="",AVERAGE($F$2:$F$892),F5) -> 35
A6: 5 | B6: 0 | C6: 3 | D6: Allen, Mr. William Henry | E6: male | F6: 35 | G6: 0 | H6: 0 | I6: 373450 | J6: 8.05 | L6: S | M6: =IF(F6="",AVERAGE($F$2:$F$892),F6) -> 35 | Z6: We
A7: 6 | B7: 0 | C7: 3 | D7: Moran, Mr. James | E7: male | G7: 0 | H7: 0 | I7: 330877 | J7: 8.4583 | L7: Q | M7: =IF(F7="",AVERAGE($F$2:$F$892),F7) -> 29.699118
A8: 7 | B8: 0 | C8: 1 | D8: McCarthy, Mr. Timothy J | E8: male | F8: 54 | G8: 0 | H8: 0 | I8: 17463 | J8: 51.8625 | K8: E46 | L8: S | M8: =IF(F8="",AVERAGE($F$2:$F$892),F8) -> 54
A9: 8 | B9: 0 | C9: 3 | D9: Palsson, Master. Gosta Leonard | E9: male | F9: 2 | G9: 3 | H9: 1 | I9: 349909 | J9: 21.075 | L9: S | M9: =IF(F9="",AVERAGE($F$2:$F$892),F9) -> 2
A10: 9 | B10: 1 | C10: 3 | D10: Johnson, Mrs. Oscar W (Elisabeth Vilhelmina Berg) | E10: female | F10: 27 | G10: 0 | H10: 2 | I10: 347742 | J10: 11.1333 | L10: S | M10: =IF(F10="",AVERAGE($F$2:$F$892),F10) -> 27
A11: 10 | B11: 1 | C11: 2 | D11: Nasser, Mrs. Nicholas (Adele Achem) | E11: female | F11: 14 | G11: 1 | H11: 0 | I11: 237736 | J11: 30.0708 | L11: C | M11: =IF(F11="",AVERAGE($F$2:$F$892),F11) -> 14
A12: 11 | B12: 1 | C12: 3 | D12: Sandstrom, Miss. Marguerite Rut | E12: female | F12: 4 | G12: 1 | H12: 1 | I12: PP 9549 | J12: 16.7 | K12: G6 | L12: S | M12: =IF(F12="",AVERAGE($F$2:$F$892),F12) -> 4
A13: 12 | B13: 1 | C13: 1 | D13: Bonnell, Miss. Elizabeth | E13: female | F13: 58 | G13: 0 | H13: 0 | I13: 113783 | J13: 26.55 | K13: C103 | L13: S | M13: =IF(F13="",AVERAGE($F$2:$F$892),F13) -> 58
A14: 13 | B14: 0 | C14: 3 | D14: Saundercock, Mr. William Henry | E14: male | F14: 20 | G14: 0 | H14: 0 | I14: A/5. 2151 | J14: 8.05 | L14: S | M14: =IF(F14="",AVERAGE($F$2:$F$892),F14) -> 20
A15: 14 | B15: 0 | C15: 3 | D15: Andersson, Mr. Anders Johan | E15: male | F15: 39 | G15: 1 | H15: 5 | I15: 347082 | J15: 31.275 | L15: S | M15: =IF(F15="",AVERAGE($F$2:$F$892),F15) -> 39
A16: 15 | B16: 0 | C16: 3 | D16: Vestrom, Miss. Hulda Amanda Adolfina | E16: female | F16: 14 | G16: 0 | H16: 0 | I16: 350406 | J16: 7.8542 | L16: S | M16: =IF(F16="",AVERAGE($F$2:$F$892),F16) -> 14
A17: 16 | B17: 1 | C17: 2 | D17: Hewlett, Mrs. (Mary D Kingcome) | E17: female | F17: 55 | G17: 0 | H17: 0 | I17: 248706 | J17: 16 | L17: S | M17: =IF(F17="",AVERAGE($F$2:$F$892),F17) -> 55
A18: 17 | B18: 0 | C18: 3 | D18: Rice, Master. Eugene | E18: male | F18: 2 | G18: 4 | H18: 1 | I18: 382652 | J18: 29.125 | L18: Q | M18: =IF(F18="",AVERAGE($F$2:$F$892),F18) -> 2
A19: 18 | B19: 1 | C19: 2 | D19: Williams, Mr. Charles Eugene | E19: male | G19: 0 | H19: 0 | I19: 244373 | J19: 13 | L19: S | M19: =IF(F19="",AVERAGE($F$2:$F$892),F19) -> 29.699118
A20: 19 | B20: 0 | C20: 3 | D20: Vander Planke, Mrs. Julius (Emelia Maria Vandemoortele) | E20: female | F20: 31 | G20: 1 | H20: 0 | I20: 345763 | J20: 18 | L20: S | M20: =IF(F20="",AVERAGE($F$2:$F$892),F20) -> 31
A21: 20 | B21: 1 | C21: 3 | D21: Masselmani, Mrs. Fatima | E21: female | G21: 0 | H21: 0 | I21: 2649 | J21: 7.225 | L21: C | M21: =IF(F21="",AVERAGE($F$2:$F$892),F21) -> 29.699118
A22: 21 | B22: 0 | C22: 2 | D22: Fynney, Mr. Joseph J | E22: male | F22: 35 | G22: 0 | H22: 0 | I22: 239865 | J22: 26 | L22: S | M22: =IF(F22="",AVERAGE($F$2:$F$892),F22) -> 35
A23: 22 | B23: 1 | C23: 2 | D23: Beesley, Mr. Lawrence | E23: male | F23: 34 | G23: 0 | H23: 0 | I23: 248698 | J23: 13 | K23: D56 | L23: S | M23: =IF(F23="",AVERAGE($F$2:$F$892),F23) -> 34
A24: 23 | B24: 1 | C24: 3 | D24: McGowan, Miss. Anna "Annie" | E24: female | F24: 15 | G24: 0 | H24: 0 | I24: 330923 | J24: 8.0292 | L24: Q | M24: =IF(F24="",AVERAGE($F$2:$F$892),F24) -> 15
A25: 24 | B25: 1 | C25: 1 | D25: Sloper, Mr. William Thompson | E25: male | F25: 28 | G25: 0 | H25: 0 | I25: 113788 | J25: 35.5 | K25: A6 | L25: S | M25: =IF(F25="",AVERAGE($F$2:$F$892),F25) -> 28
A26: 25 | B26: 0 | C26: 3 | D26: Palsson, Miss. Torborg Danira | E26: female | F26: 8 | G26: 3 | H26: 1 | I26: 349909 | J26: 21.075 | L26: S | M26: =IF(F26="",AVERAGE($F$2:$F$892),F26) -> 8
A27: 26 | B27: 1 | C27: 3 | D27: Asplund, Mrs. Carl Oscar (Selma Augusta Emilia Johansson) | E27: female | F27: 38 | G27: 1 | H27: 5 | I27: 347077 | J27: 31.3875 | L27: S | M27: =IF(F27="",AVERAGE($F$2:$F$892),F27) -> 38
A28: 27 | B28: 0 | C28: 3 | D28: Emir, Mr. Farred Chehab | E28: male | G28: 0 | H28: 0 | I28: 2631 | J28: 7.225 | L28: C | M28: =IF(F28="",AVERAGE($F$2:$F$892),F28) -> 29.699118
A29: 28 | B29: 0 | C29: 1 | D29: Fortune, Mr. Charles Alexander | E29: male | F29: 19 | G29: 3 | H29: 2 | I29: 19950 | J29: 263 | K29: C23 C25 C27 | L29: S | M29: =IF(F29="",AVERAGE($F$2:$F$892),F29) -> 19
A30: 29 | B30: 1 | C30: 3 | D30: O'Dwyer, Miss. Ellen "Nellie" | E30: female | G30: 0 | H30: 0 | I30: 330959 | J30: 7.8792 | L30: Q | M30: =IF(F30="",AVERAGE($F$2:$F$892),F30) -> 29.699118
A31: 30 | B31: 0 | C31: 3 | D31: Todoroff, Mr. Lalio | E31: male | G31: 0 | H31: 0 | I31: 349216 | J31: 7.8958 | L31: S | M31: =IF(F31="",AVERAGE($F$2:$F$892),F31) -> 29.699118
A32: 31 | B32: 0 | C32: 1 | D32: Uruchurtu, Don. Manuel E | E32: male | F32: 40 | G32: 0 | H32: 0 | I32: PC 17601 | J32: 27.7208 | L32: C | M32: =IF(F32="",AVERAGE($F$2:$F$892),F32) -> 40
A33: 32 | B33: 1 | C33: 1 | D33: Spencer, Mrs. William Augustus (Marie Eugenie) | E33: female | G33: 1 | H33: 0 | I33: PC 17569 | J33: 146.5208 | K33: B78 | L33: C | M33: =IF(F33="",AVERAGE($F$2:$F$892),F33) -> 29.699118
A34: 33 | B34: 1 | C34: 3 | D34: Glynn, Miss. Mary Agatha | E34: female | G34: 0 | H34: 0 | I34: 335677 | J34: 7.75 | L34: Q | M34: =IF(F34="",AVERAGE($F$2:$F$892),F34) -> 29.699118
A35: 34 | B35: 0 | C35: 2 | D35: Wheadon, Mr. Edward H | E35: male | F35: 66 | G35: 0 | H35: 0 | I35: C.A. 24579 | J35: 10.5 | L35: S | M35: =IF(F35="",AVERAGE($F$2:$F$892),F35) -> 66
A36: 35 | B36: 0 | C36: 1 | D36: Meyer, Mr. Edgar Joseph | E36: male | F36: 28 | G36: 1 | H36: 0 | I36: PC 17604 | J36: 82.1708 | L36: C | M36: =IF(F36="",AVERAGE($F$2:$F$892),F36) -> 28
A37: 36 | B37: 0 | C37: 1 | D37: Holverson, Mr. Alexander Oskar | E37: male | F37: 42 | G37: 1 | H37: 0 | I37: 113789 | J37: 52 | L37: S | M37: =IF(F37="",AVERAGE($F$2:$F$892),F37) -> 42
A38: 37 | B38: 1 | C38: 3 | D38: Mamee, Mr. Hanna | E38: male | G38: 0 | H38: 0 | I38: 2677 | J38: 7.2292 | L38: C | M38: =IF(F38="",AVERAGE($F$2:$F$892),F38) -> 29.699118
A39: 38 | B39: 0 | C39: 3 | D39: Cann, Mr. Ernest Charles | E39: male | F39: 21 | G39: 0 | H39: 0 | I39: A./5. 2152 | J39: 8.05 | L39: S | M39: =IF(F39="",AVERAGE($F$2:$F$892),F39) -> 21
A40: 39 | B40: 0 | C40: 3 | D40: Vander Planke, Miss. Augusta Maria | E40: female | F40: 18 | G40: 2 | H40: 0 | I40: 345764 | J40: 18 | L40: S | M40: =IF(F40="",AVERAGE($F$2:$F$892),F40) -> 18
A41: 40 | B41: 1 | C41: 3 | D41: Nicola-Yarred, Miss. Jamila | E41: female | F41: 14 | G41: 1 | H41: 0 | I41: 2651 | J41: 11.2417 | L41: C | M41: =IF(F41="",AVERAGE($F$2:$F$892),F41) -> 14
A42: 41 | B42: 0 | C42: 3 | D42: Ahlin, Mrs. Johan (Johanna Persdotter Larsson) | E42: female | F42: 40 | G42: 1 | H42: 0 | I42: 7546 | J42: 9.475 | L42: S | M42: =IF(F42="",AVERAGE($F$2:$F$892),F42) -> 40
A43: 42 | B43: 0 | C43: 2 | D43: Turpin, Mrs. William John Robert (Dorothy Ann Wonnacott) | E43: female | F43: 27 | G43: 1 | H43: 0 | I43: 11668 | J43: 21 | L43: S | M43: =IF(F43="",AVERAGE($F$2:$F$892),F43) -> 27
A44: 43 | B44: 0 | C44: 3 | D44: Kraeff, Mr. Theodor | E44: male | G44: 0 | H44: 0 | I44: 349253 | J44: 7.8958 | L44: C | M44: =IF(F44="",AVERAGE($F$2:$F$892),F44) -> 29.699118
A45: 44 | B45: 1 | C45: 2 | D45: Laroche, Miss. Simonne Marie Anne Andree | E45: female | F45: 3 | G45: 1 | H45: 2 | I45: SC/Paris 2123 | J45: 41.5792 | L45: C | M45: =IF(F45="",AVERAGE($F$2:$F$892),F45) -> 3
A46: 45 | B46: 1 | C46: 3 | D46: Devaney, Miss. Margaret Delia | E46: female | F46: 19 | G46: 0 | H46: 0 | I46: 330958 | J46: 7.8792 | L46: Q | M46: =IF(F46="",AVERAGE($F$2:$F$892),F46) -> 19
A47: 46 | B47: 0 | C47: 3 | D47: Rogers, Mr. William John | E47: male | G47: 0 | H47: 0 | I47: S.C./A.4. 23567 | J47: 8.05 | L47: S | M47: =IF(F47="",AVERAGE($F$2:$F$892),F47) -> 29.699118
A48: 47 | B48: 0 | C48: 3 | D48: Lennon, Mr. Denis | E48: male | G48: 1 | H48: 0 | I48: 370371 | J48: 15.5 | L48: Q | M48: =IF(F48="",AVERAGE($F$2:$F$892),F48) -> 29.699118
A49: 48 | B49: 1 | C49: 3 | D49: O'Driscoll, Miss. Bridget | E49: female | G49: 0 | H49: 0 | I49: 14311 | J49: 7.75 | L49: Q | M49: =IF(F49="",AVERAGE($F$2:$F$892),F49) -> 29.699118
A50: 49 | B50: 0 | C50: 3 | D50: Samaan, Mr. Youssef | E50: male | G50: 2 | H50: 0 | I50: 2662 | J50: 21.6792 | L50: C | M50: =IF(F50="",AVERAGE($F$2:$F$892),F50) -> 29.699118
A51: 50 | B51: 0 | C51: 3 | D51: Arnold-Franchi, Mrs. Josef (Josefine Franchi) | E51: female | F51: 18 | G51: 1 | H51: 0 | I51: 349237 | J51: 17.8 | L51: S | M51: =IF(F51="",AVERAGE($F$2:$F$892),F51) -> 18
A52: 51 | B52: 0 | C52: 3 | D52: Panula, Master. Juha Niilo | E52: male | F52: 7 | G52: 4 | H52: 1 | I52: 3101295 | J52: 39.6875 | L52: S | M52: =IF(F52="",AVERAGE($F$2:$F$892),F52) -> 7
A53: 52 | B53: 0 | C53: 3 | D53: Nosworthy, Mr. Richard Cater | E53: male | F53: 21 | G53: 0 | H53: 0 | I53: A/4. 39886 | J53: 7.8 | L53: S | M53: =IF(F53="",AVERAGE($F$2:$F$892),F53) -> 21
A54: 53 | B54: 1 | C54: 1 | D54: Harper, Mrs. Henry Sleeper (Myna Haxtun) | E54: female | F54: 49 | G54: 1 | H54: 0 | I54: PC 17572 | J54: 76.7292 | K54: D33 | L54: C | M54: =IF(F54="",AVERAGE($F$2:$F$892),F54) -> 49
A55: 54 | B55: 1 | C55: 2 | D55: Faunthorpe, Mrs. Lizzie (Elizabeth Anne Wilkinson) | E55: female | F55: 29 | G55: 1 | H55: 0 | I55: 2926 | J55: 26 | L55: S | M55: =IF(F55="",AVERAGE($F$2:$F$892),F55) -> 29
A56: 55 | B56: 0 | C56: 1 | D56: Ostby, Mr. Engelhart Cornelius | E56: male | F56: 65 | G56: 0 | H56: 1 | I56: 113509 | J56: 61.9792 | K56: B30 | L56: C | M56: =IF(F56="",AVERAGE($F$2:$F$892),F56) -> 65
A57: 56 | B57: 1 | C57: 1 | D57: Woolner, Mr. Hugh | E57: male | G57: 0 | H57: 0 | I57: 19947 | J57: 35.5 | K57: C52 | L57: S | M57: =IF(F57="",AVERAGE($F$2:$F$892),F57) -> 29.699118
A58: 57 | B58: 1 | C58: 2 | D58: Rugg, Miss. Emily | E58: female | F58: 21 | G58: 0 | H58: 0 | I58: C.A. 31026 | J58: 10.5 | L58: S | M58: =IF(F58="",AVERAGE($F$2:$F$892),F58) -> 21
A59: 58 | B59: 0 | C59: 3 | D59: Novel, Mr. Mansouer | E59: male | F59: 28.5 | G59: 0 | H59: 0 | I59: 2697 | J59: 7.2292 | L59: C | M59: =IF(F59="",AVERAGE($F$2:$F$892),F59) -> 28.5
A60: 59 | B60: 1 | C60: 2 | D60: West, Miss. Constance Mirium | E60: female | F60: 5 | G60: 1 | H60: 2 | I60: C.A. 34651 | J60: 27.75 | L60: S | M60: =IF(F60="",AVERAGE($F$2:$F$892),F60) -> 5
A61: 60 | B61: 0 | C61: 3 | D61: Goodwin, Master. William Frederick | E61: male | F61: 11 | G61: 5 | H61: 2 | I61: CA 2144 | J61: 46.9 | L61: S | M61: =IF(F61="",AVERAGE($F$2:$F$892),F61) -> 11
A62: 61 | B62: 0 | C62: 3 | D62: Sirayanian, Mr. Orsen | E62: male | F62: 22 | G62: 0 | H62: 0 | I62: 2669 | J62: 7.2292 | L62: C | M62: =IF(F62="",AVERAGE($F$2:$F$892),F62) -> 22
A63: 62 | B63: 1 | C63: 1 | D63: Icard, Miss. Amelie | E63: female | F63: 38 | G63: 0 | H63: 0 | I63: 113572 | J63: 80 | K63: B28 | M63: =IF(F63="",AVERAGE($F$2:$F$892),F63) -> 38
A64: 63 | B64: 0 | C64: 1 | D64: Harris, Mr. Henry Birkhardt | E64: male | F64: 45 | G64: 1 | H64: 0 | I64: 36973 | J64: 83.475 | K64: C83 | L64: S | M64: =IF(F64="",AVERAGE($F$2:$F$892),F64) -> 45
A65: 64 | B65: 0 | C65: 3 | D65: Skoog, Master. Harald | E65: male | F65: 4 | G65: 3 | H65: 2 | I65: 347088 | J65: 27.9 | L65: S | M65: =IF(F65="",AVERAGE($F$2:$F$892),F65) -> 4
A66: 65 | B66: 0 | C66: 1 | D66: Stewart, Mr. Albert A | E66: male | G66: 0 | H66: 0 | I66: PC 17605 | J66: 27.7208 | L66: C | M66: =IF(F66="",AVERAGE($F$2:$F$892),F66) -> 29.699118
A67: 66 | B67: 1 | C67: 3 | D67: Moubarek, Master. Gerios | E67: male | G67: 1 | H67: 1 | I67: 2661 | J67: 15.2458 | L67: C | M67: =IF(F67="",AVERAGE($F$2:$F$892),F67) -> 29.699118
A68: 67 | B68: 1 | C68: 2 | D68: Nye, Mrs. (Elizabeth Ramell) | E68: female | F68: 29 | G68: 0 | H68: 0 | I68: C.A. 29395 | J68: 10.5 | K68: F33 | L68: S | M68: =IF(F68="",AVERAGE($F$2:$F$892),F68) -> 29
A69: 68 | B69: 0 | C69: 3 | D69: Crease, Mr. Ernest James | E69: male | F69: 19 | G69: 0 | H69: 0 | I69: S.P. 3464 | J69: 8.1583 | L69: S | M69: =IF(F69="",AVERAGE($F$2:$F$892),F69) -> 19
A70: 69 | B70: 1 | C70: 3 | D70: Andersson, Miss. Erna Alexandra | E70: female | F70: 17 | G70: 4 | H70: 2 | I70: 3101281 | J70: 7.925 | L70: S | M70: =IF(F70="",AVERAGE($F$2:$F$892),F70) -> 17
A71: 70 | B71: 0 | C71: 3 | D71: Kink, Mr. Vincenz | E71: male | F71: 26 | G71: 2 | H71: 0 | I71: 315151 | J71: 8.6625 | L71: S | M71: =IF(F71="",AVERAGE($F$2:$F$892),F71) -> 26
A72: 71 | B72: 0 | C72: 2 | D72: Jenkin, Mr. Stephen Curnow | E72: male | F72: 32 | G72: 0 | H72: 0 | I72: C.A. 33111 | J72: 10.5 | L72: S | M72: =IF(F72="",AVERAGE($F$2:$F$892),F72) -> 32
A73: 72 | B73: 0 | C73: 3 | D73: Goodwin, Miss. Lillian Amy | E73: female | F73: 16 | G73: 5 | H73: 2 | I73: CA 2144 | J73: 46.9 | L73: S | M73: =IF(F73="",AVERAGE($F$2:$F$892),F73) -> 16
A74: 73 | B74: 0 | C74: 2 | D74: Hood, Mr. Ambrose Jr | E74: male | F74: 21 | G74: 0 | H74: 0 | I74: S.O.C. 14879 | J74: 73.5 | L74: S | M74: =IF(F74="",AVERAGE($F$2:$F$892),F74) -> 21
A75: 74 | B75: 0 | C75: 3 | D75: Chronopoulos, Mr. Apostolos | E75: male | F75: 26 | G75: 1 | H75: 0 | I75: 2680 | J75: 14.4542 | L75: C | M75: =IF(F75="",AVERAGE($F$2:$F$892),F75) -> 26
A76: 75 | B76: 1 | C76: 3 | D76: Bing, Mr. Lee | E76: male | F76: 32 | G76: 0 | H76: 0 | I76: 1601 | J76: 56.4958 | L76: S | M76: =IF(F76="",AVERAGE($F$2:$F$892),F76) -> 32
A77: 76 | B77: 0 | C77: 3 | D77: Moen, Mr. Sigurd Hansen | E77: male | F77: 25 | G77: 0 | H77: 0 | I77: 348123 | J77: 7.65 | K77: F G73 | L77: S | M77: =IF(F77="",AVERAGE($F$2:$F$892),F77) -> 25
A78: 77 | B78: 0 | C78: 3 | D78: Staneff, Mr. Ivan | E78: male | G78: 0 | H78: 0 | I78: 349208 | J78: 7.8958 | L78: S | M78: =IF(F78="",AVERAGE($F$2:$F$892),F78) -> 29.699118
A79: 78 | B79: 0 | C79: 3 | D79: Moutal, Mr. Rahamin Haim | E79: male | G79: 0 | H79: 0 | I79: 374746 | J79: 8.05 | L79: S | M79: =IF(F79="",AVERAGE($F$2:$F$892),F79) -> 29.699118
A80: 79 | B80: 1 | C80: 2 | D80: Caldwell, Master. Alden Gates | E80: male | F80: 0.83 | G80: 0 | H80: 2 | I80: 248738 | J80: 29 | L80: S | M80: =IF(F80="",AVERAGE($F$2:$F$892),F80) -> 0.83
A81: 80 | B81: 1 | C81: 3 | D81: Dowdell, Miss. Elizabeth | E81: female | F81: 30 | G81: 0 | H81: 0 | I81: 364516 | J81: 12.475 | L81: S | M81: =IF(F81="",AVERAGE($F$2:$F$892),F81) -> 30
A82: 81 | B82: 0 | C82: 3 | D82: Waelens, Mr. Achille | E82: male | F82: 22 | G82: 0 | H82: 0 | I82: 345767 | J82: 9 | L82: S | M82: =IF(F82="",AVERAGE($F$2:$F$892),F82) -> 22
A83: 82 | B83: 1 | C83: 3 | D83: Sheerlinck, Mr. Jan Baptist | E83: male | F83: 29 | G83: 0 | H83: 0 | I83: 345779 | J83: 9.5 | L83: S | M83: =IF(F83="",AVERAGE($F$2:$F$892),F83) -> 29
A84: 83 | B84: 1 | C84: 3 | D84: McDermott, Miss. Brigdet Delia | E84: female | G84: 0 | H84: 0 | I84: 330932 | J84: 7.7875 | L84: Q | M84: =IF(F84="",AVERAGE($F$2:$F$892),F84) -> 29.699118
A85: 84 | B85: 0 | C85: 1 | D85: Carrau, Mr. Francisco M | E85: male | F85: 28 | G85: 0 | H85: 0 | I85: 113059 | J85: 47.1 | L85: S | M85: =IF(F85="",AVERAGE($F$2:$F$892),F85) -> 28
A86: 85 | B86: 1 | C86: 2 | D86: Ilett, Miss. Bertha | E86: female | F86: 17 | G86: 0 | H86: 0 | I86: SO/C 14885 | J86: 10.5 | L86: S | M86: =IF(F86="",AVERAGE($F$2:$F$892),F86) -> 17
A87: 86 | B87: 1 | C87: 3 | D87: Backstrom, Mrs. Karl Alfred (Maria Mathilda Gustafsson) | E87: female | F87: 33 | G87: 3 | H87: 0 | I87: 3101278 | J87: 15.85 | L87: S | M87: =IF(F87="",AVERAGE($F$2:$F$892),F87) -> 33
A88: 87 | B88: 0 | C88: 3 | D88: Ford, Mr. William Neal | E88: male | F88: 16 | G88: 1 | H88: 3 | I88: W./C. 6608 | J88: 34.375 | L88: S | M88: =IF(F88="",AVERAGE($F$2:$F$892),F88) -> 16
A89: 88 | B89: 0 | C89: 3 | D89: Slocovski, Mr. Selman Francis | E89: male | G89: 0 | H89: 0 | I89: SOTON/OQ 392086 | J89: 8.05 | L89: S | M89: =IF(F89="",AVERAGE($F$2:$F$892),F89) -> 29.699118
A90: 89 | B90: 1 | C90: 1 | D90: Fortune, Miss. Mabel Helen | E90: female | F90: 23 | G90: 3 | H90: 2 | I90: 19950 | J90: 263 | K90: C23 C25 C27 | L90: S | M90: =IF(F90="",AVERAGE($F$2:$F$892),F90) -> 23
A91: 90 | B91: 0 | C91: 3 | D91: Celotti, Mr. Francesco | E91: male | F91: 24 | G91: 0 | H91: 0 | I91: 343275 | J91: 8.05 | L91: S | M91: =IF(F91="",AVERAGE($F$2:$F$892),F91) -> 24
A92: 91 | B92: 0 | C92: 3 | D92: Christmann, Mr. Emil | E92: male | F92: 29 | G92: 0 | H92: 0 | I92: 343276 | J92: 8.05 | L92: S | M92: =IF(F92="",AVERAGE($F$2:$F$892),F92) -> 29
A93: 92 | B93: 0 | C93: 3 | D93: Andreasson, Mr. Paul Edvin | E93: male | F93: 20 | G93: 0 | H93: 0 | I93: 347466 | J93: 7.8542 | L93: S | M93: =IF(F93="",AVERAGE($F$2:$F$892),F93) -> 20
A94: 93 | B94: 0 | C94: 1 | D94: Chaffee, Mr. Herbert Fuller | E94: male | F94: 46 | G94: 1 | H94: 0 | I94: W.E.P. 5734 | J94: 61.175 | K94: E31 | L94: S | M94: =IF(F94="",AVERAGE($F$2:$F$892),F94) -> 46
A95: 94 | B95: 0 | C95: 3 | D95: Dean, Mr. Bertram Frank | E95: male | F95: 26 | G95: 1 | H95: 2 | I95: C.A. 2315 | J95: 20.575 | L95: S | M95: =IF(F95="",AVERAGE($F$2:$F$892),F95) -> 26
A96: 95 | B96: 0 | C96: 3 | D96: Coxon, Mr. Daniel | E96: male | F96: 59 | G96: 0 | H96: 0 | I96: 364500 | J96: 7.25 | L96: S | M96: =IF(F96="",AVERAGE($F$2:$F$892),F96) -> 59
A97: 96 | B97: 0 | C97: 3 | D97: Shorney, Mr. Charles Joseph | E97: male | G97: 0 | H97: 0 | I97: 374910 | J97: 8.05 | L97: S | M97: =IF(F97="",AVERAGE($F$2:$F$892),F97) -> 29.699118
A98: 97 | B98: 0 | C98: 1 | D98: Goldschmidt, Mr. George B | E98: male | F98: 71 | G98: 0 | H98: 0 | I98: PC 17754 | J98: 34.6542 | K98: A5 | L98: C | M98: =IF(F98="",AVERAGE($F$2:$F$892),F98) -> 71
A99: 98 | B99: 1 | C99: 1 | D99: Greenfield, Mr. William Bertram | E99: male | F99: 23 | G99: 0 | H99: 1 | I99: PC 17759 | J99: 63.3583 | K99: D10 D12 | L99: C | M99: =IF(F99="",AVERAGE($F$2:$F$892),F99) -> 23
A100: 99 | B100: 1 | C100: 2 | D100: Doling, Mrs. John T (Ada Julia Bone) | E100: female | F100: 34 | G100: 0 | H100: 1 | I100: 231919 | J100: 23 | L100: S | M100: =IF(F100="",AVERAGE($F$2:$F$892),F100) -> 34
...

Sheet Analysis
A1: AGGREGATE FUNCTIONS | C1: LOGICAL FUNCTIONS | E1: LOOKUP FUNCTIONS
A3: TOTAL COUNT OF THE PASSENGERS | C3: TO CHECK THE SURVIVAL STATUS | E3: GET NAME OF THE PASSENGER BY ID(XLOOKUP)
A4: =COUNT(Titanic.csv!A:A) -> 891 | C4: =IF(Titanic.csv!B2,"Survived","Not survived") -> Not survived | E4: 345 | I4: Pclass | J4: Class Name
C5: =IF(Titanic.csv!B3,"Survived","Not survived") -> Survived | E5: =_xlfn.XLOOKUP(E4,Titanic.csv!A:A,Titanic.csv!D:D,"NOT FOUND") -> Fox, Mr. Stanley Hubert | I5: 1 | J5: 1st Class
A6: MALE PROPORTION | I6: 2 | J6: 2nd Class
A7: =C15/A4 -> 0.64758698 | C7: CHECK MISSING AGE OR CABIN | E7: PASSENGER CLASS (VLOOKUP) | I7: 3 | J7: 3rd Class
C8: =IF(OR(Titanic.csv!F2="",Titanic.csv!K2=""),"Missing Information","Complete") -> Missing Information | E8: =VLOOKUP(Titanic.csv!C2,$I$5:$J$7,2,FALSE) -> 3rd Class
A9: FEMALE PROPORTION | C9: =IF(OR(Titanic.csv!F3="",Titanic.csv!K3=""),"Missing Information","Complete") -> Complete | E9: =VLOOKUP(Titanic.csv!C3,$I$5:$J$7,2,FALSE) -> 1st Class
A10: =C18/A4 -> 0.35241302 | I10: 0 | J10: 1
C11: PASSENGER CLASS CATEGORY | E11: SURVIVAL STATUS (HLOOKUP) | I11: Not Survived | J11: Survived
A12: AVERAGE SURVIVAL RATE | C12: {=_xlfn.IFS(Titanic.csv!C2=1,"1st class",Titanic.csv!C2=2,"2nd class",Titanic.csv!C2=3,"3rd class")} -> 3rd class | E12: =HLOOKUP(Titanic.csv!B2,$I$10:$J$11,2,FALSE) -> Not Survived
A13: =AVERAGE(Titanic.csv!B:B) -> 0.38383838 | E13: =HLOOKUP(Titanic.csv!B3,$I$10:$J$11,2,FALSE) -> Survived
C14: TOTAL MALE PASSENGERS
A15: SUM OF FARE | C15: =COUNTIF(Titanic.csv!E:E,"MALE") -> 577 | E15: TO FIND ID BY NAME(INDEX & MATCH)
A16: =SUM(Titanic.csv!J:J) -> 28693.949 | E16: Najib, Miss. Adele Kiamie "Jane"
C17: TOTAL FEMALE PASSENGERS | E17: {=INDEX(Titanic.csv!A:A,MATCH(E16,Titanic.csv!D:D,0))} -> 876
A18: AVERAGE TICKET FARE | C18: =COUNTIF(Titanic.csv!E:E,"FEMALE") -> 314
A19: =AVERAGE(Titanic.csv!J:J) -> 32.204208
C20: SURVIVORS
A21: HIGHEST TICKET FARE | C21: =COUNTIF(Titanic.csv!B:B,1) -> 342
A22: =MAX(Titanic.csv!J:J) -> 512.3292
A24: AVERAGE AGE
A25: =AVERAGE(Titanic.csv!F:F) -> 29.699118
B170: Survival analysis
B171: Total passengers | C171: =COUNTA(Titanic.csv!A2:A892) -> 891
B172: Survivors | C172: =COUNTIF(Titanic.csv!B2:B892,1) -> 342
B173: Survival rate | C173: =C172/C171 -> 0.38383838
B175: Average age | C175: =AVERAGE(Titanic.csv!F2:F892) -> 29.699118
B177: Male passengers | C177: =COUNTIF(Titanic.csv!E2:E892,"male") -> 577
B178: Female passengers | C178: =COUNTIF(Titanic.csv!E2:E892,"female") -> 314
B179: Male proportion | C179: =C177/C171 -> 0.64758698
B180: Female proportion | C180: =C178/C171 -> 0.35241302

Sheet PivotTable
A2: SURVIVAL BY GENDER
A3: Count of PassengerId | B3: Survived
A4: Sex | B4: 0 | C4: 1 | D4: Grand Total
A5: female | B5: 81 | C5: 233 | D5: 314
A6: male | B6: 468 | C6: 109 | D6: 577
A7: Grand Total | B7: 549 | C7: 342 | D7: 891
A22: SURVIVAL BY PASSENGER CLASS
A23: Count of PassengerId | B23: Survived
A24: Pclass | B24: 0 | C24: 1 | D24: Grand Total
A25: 1 | B25: 80 | C25: 136 | D25: 216
A26: 2 | B26: 97 | C26: 87 | D26: 184
A27: 3 | B27: 372 | C27: 119 | D27: 491
A28: Grand Total | B28: 549 | C28: 342 | D28: 891
A42: SURVIVAL BY EMBARKED PORT
A43: Count of PassengerId | B43: Survived
A44: Embarked | B44: 0 | C44: 1 | D44: Grand Total
A45: C | B45: 75 | C45: 93 | D45: 168
A46: Q | B46: 47 | C46: 30 | D46: 77
A47: S | B47: 427 | C47: 217 | D47: 644
A48: (blank) | C48: 2 | D48: 2
A49: Grand Total | B49: 549 | C49: 342 | D49: 891
A61: AGE GROUP VS SURVIVAL
A62: Count of PassengerId | B62: Sex
A63: Pclass | B63: female | C63: male | D63: Grand Total
A64: 1 | B64: 94 | C64: 122 | D64: 216
A65: 2 | B65: 76 | C65: 108 | D65: 184
A66: 3 | B66: 144 | C66: 347 | D66: 491
A67: Grand Total | B67: 314 | C67: 577 | D67: 891
A79: SURVIVAL BY SEX & PASSENGER CLASS
A80: Count of PassengerId | C80: Survived
A81: Pclass | B81: Sex | C81: 0 | D81: 1 | E81: Grand Total
A82: 1 | C82: 80 | D82: 136 | E82: 216
B83: female | C83: 3 | D83: 91 | E83: 94
B84: male | C84: 77 | D84: 45 | E84: 122
A85: 2 | C85: 97 | D85: 87 | E85: 184
B86: female | C86: 6 | D86: 70 | E86: 76
B87: male | C87: 91 | D87: 17 | E87: 108
A88: 3 | C88: 372 | D88: 119 | E88: 491
B89: female | C89: 72 | D89: 72 | E89: 144
B90: male | C90: 300 | D90: 47 | E90: 347
A91: Grand Total | C91: 549 | D91: 342 | E91: 891
A95: FAMILY SIZE & SURVIVAL
A96: Count of PassengerId | B96: Survived
A97: SibSp | B97: 0 | C97: 1 | D97: Grand Total
A98: 2 | B98: 15 | C98: 13 | D98: 28
A99: Grand Total | B99: 15 | C99: 13 | D99: 28
A110: EMBARKED VS SEX
A111: Count of PassengerId | B111: Sex
A112: Embarked | B112: female | C112: male | D112: Grand Total
A113: C | B113: 73 | C113: 95 | D113: 168
A114: Q | B114: 36 | C114: 41 | D114: 77
A115: S | B115: 203 | C115: 441 | D115: 644
A116: (blank) | B116: 2 | D116: 2
A117: Grand Total | B117: 314 | C117: 577 | D117: 891
A123: AGE GROUP VS SURVIVAL
A124: Count of PassengerId | B124: Survived
A125: Age | B125: 0 | C125: 1 | D125: Grand Total
A126: 0.42 | C126: 1 | D126: 1
A127: 0.67 | C127: 1 | D127: 1
A128: 0.75 | C128: 2 | D128: 2
A129: 0.83 | C129: 2 | D129: 2
A130: 0.92 | C130: 1 | D130: 1
A131: 1 | B131: 2 | C131: 5 | D131: 7
A132: 2 | B132: 7 | C132: 3 | D132: 10
A133: 3 | B133: 1 | C133: 5 | D133: 6
A134: 4 | B134: 3 | C134: 7 | D134: 10
A135: 5 | C135: 4 | D135: 4
A136: 6 | B136: 1 | C136: 2 | D136: 3
A137: 7 | B137: 2 | C137: 1 | D137: 3
A138: 8 | B138: 2 | C138: 2 | D138: 4
A139: 9 | B139: 6 | C139: 2 | D139: 8
A140: 10 | B140: 2 | D140: 2
A141: 11 | B141: 3 | C141: 1 | D141: 4
A142: 12 | C142: 1 | D142: 1
A143: 13 | C143: 2 | D143: 2
A144: 14 | B144: 3 | C144: 3 | D144: 6
A145: 14.5 | B145: 1 | D145: 1
A146: 15 | B146: 1 | C146: 4 | D146: 5
A147: 16 | B147: 11 | C147: 6 | D147: 17
A148: 17 | B148: 7 | C148: 6 | D148: 13
A149: 18 | B149: 17 | C149: 9 | D149: 26
A150: 19 | B150: 16 | C150: 9 | D150: 25
A151: 20 | B151: 12 | C151: 3 | D151: 15
A152: 20.5 | B152: 1 | D152: 1
A153: 21 | B153: 19 | C153: 5 | D153: 24
A154: 22 | B154: 16 | C154: 11 | D154: 27
A155: 23 | B155: 10 | C155: 5 | D155: 15
A156: 23.5 | B156: 1 | D156: 1
A157: 24 | B157: 15 | C157: 15 | D157: 30
A158: 24.5 | B158: 1 | D158: 1
A159: 25 | B159: 17 | C159: 6 | D159: 23
A160: 26 | B160: 12 | C160: 6 | D160: 18
A161: 27 | B161: 7 | C161: 11 | D161: 18
A162: 28 | B162: 18 | C162: 7 | D162: 25
A163: 28.5 | B163: 2 | D163: 2
A164: 29 | B164: 12 | C164: 8 | D164: 20
A165: 30 | B165: 15 | C165: 10 | D165: 25
A166: 30.5 | B166: 2 | D166: 2
A167: 31 | B167: 9 | C167: 8 | D167: 17
A168: 32 | B168: 9 | C168: 9 | D168: 18
...

Sheet Dashboard
D1: TITANIC DATA ANALYSIS DASHBOARD
D6: TOTAL PASSENGERS | F6: SURVIVORS | H6: SURVIVAL RATE | J6: MALE PASSENGERS | L6: FEMALE PASSENGERS | N6: PERISHED
D7: 891 | F7: 342 | H7: 0.3838 | J7: 577 | L7: 314 | N7: 549
D43: KEY INSIGHTS:
D45: Total passengers: 891
D46: Total survivors: 342
D47: Total perished: 549
D48: Overall survival rate: 38.38%
D49: Female passengers had a higher survival rate than male passengers
D50: First-class passengers had better survival outcome than third-class passengers
D51: First-class females had the highest survival rate, while third-class males had one of the lowest
